r,scenario,attack0,attack1,attack2,attack3,attack4
1.2,base,0.124699000,0.280922000,0.091234700,0.100745000,0.074117800
1.2,base,0.125316000,0.280589000,0.090910400,0.099993400,0.073834200
1.2,base,0.137150000,0.305208000,0.100910000,0.110202000,0.081843700
1.2,base,0.136256000,0.303180000,0.099446300,0.109474000,0.081495700
1.2,base,0.121542000,0.274954000,0.088351500,0.097926500,0.072325400
1.2,base,0.123267000,0.278906000,0.089855700,0.098835600,0.072487200
1.2,base,0.122583000,0.276344000,0.089842700,0.098922300,0.072857500
1.2,base,0.130777000,0.293433000,0.095718600,0.105217000,0.077895000
1.2,base,0.127090000,0.287058000,0.093279300,0.102594000,0.076008500
1.2,base,0.132274000,0.294623000,0.096401600,0.105775000,0.078248300
1.2,het0,0.011764500,0.032018700,0.009904500,0.010581600,0.006106660
1.2,het0,0.011911000,0.033686300,0.010264700,0.011016000,0.006335760
1.2,het0,0.011786700,0.032497600,0.009977700,0.010521100,0.006023900
1.2,het0,0.013531200,0.037387700,0.011380800,0.012180000,0.007007700
1.2,het0,0.012835000,0.035929400,0.011011400,0.011690600,0.006782230
1.2,het0,0.011773600,0.032709400,0.009944140,0.010618500,0.006055170
1.2,het0,0.013321700,0.036147100,0.011151600,0.011805100,0.006901750
1.2,het0,0.011883200,0.032701500,0.009938150,0.010658500,0.006142730
1.2,het0,0.016040600,0.043540500,0.013294900,0.014220700,0.008153320
1.2,het0,0.010904200,0.031088400,0.009409330,0.010024900,0.005799570
1.2,het1,0.008368410,0.022521100,0.007129170,0.007616580,0.004336170
1.2,het1,0.010597200,0.027918200,0.008902050,0.009486510,0.005469740
1.2,het1,0.009854010,0.026529500,0.008445410,0.008965490,0.005157950
1.2,het1,0.007496120,0.020245100,0.006474730,0.006808800,0.003979800
1.2,het1,0.010340400,0.027926000,0.008757920,0.009345440,0.005531970
1.2,het1,0.007123560,0.018990900,0.006001750,0.006407770,0.003655770
1.2,het1,0.007886590,0.021153900,0.006680780,0.007028820,0.004009610
1.2,het1,0.008016610,0.021304800,0.006708180,0.007187790,0.003992660
1.2,het1,0.008446750,0.022650200,0.007197330,0.007648970,0.004450410
1.2,het1,0.012173300,0.031880300,0.010143400,0.010914500,0.006156030
1.2,het10,0.000581827,0.000864381,0.000561168,0.000556712,0.000366415
1.2,het10,0.000714108,0.001006770,0.000686625,0.000694612,0.000423267
1.2,het10,0.000589450,0.001000580,0.000588224,0.000577089,0.000372601
1.2,het10,0.000691717,0.000954207,0.000693645,0.000665391,0.000408665
1.2,het10,0.000704459,0.001010340,0.000679035,0.000673146,0.000415715
1.2,het10,0.000786143,0.001053970,0.000683483,0.000667041,0.000403605
1.2,het10,0.000638372,0.001001550,0.000670205,0.000643899,0.000396976
1.2,het10,0.000661377,0.000892626,0.000613704,0.000559960,0.000382292
1.2,het10,0.000756345,0.001101700,0.000637560,0.000668364,0.000417820
1.2,het10,0.000735040,0.001096950,0.000674173,0.000679844,0.000420880
1.2,het11,0.000453908,0.000648794,0.000468231,0.000466004,0.000310283
1.2,het11,0.000616082,0.000833303,0.000618464,0.000595612,0.000396966
1.2,het11,0.000611671,0.000827213,0.000551979,0.000589694,0.000374506
1.2,het11,0.000678498,0.000899830,0.000630884,0.000592011,0.000363983
1.2,het11,0.000645179,0.000828602,0.000547884,0.000582776,0.000366364
1.2,het11,0.000577056,0.000808024,0.000571884,0.000598377,0.000395986
1.2,het11,0.000491740,0.000720744,0.000581118,0.000537021,0.000333195
1.2,het11,0.000547542,0.000682170,0.000539554,0.000521431,0.000345281
1.2,het11,0.000592873,0.000915445,0.000599284,0.000610918,0.000376658
1.2,het11,0.000553457,0.000726881,0.000501092,0.000523034,0.000318228
1.2,het2,0.005694950,0.014861600,0.005081020,0.005397100,0.003008080
1.2,het2,0.005185810,0.013457400,0.004581030,0.004846560,0.002801380
1.2,het2,0.007170290,0.017967400,0.006103510,0.006445600,0.003640230
1.2,het2,0.006225700,0.015849000,0.005440210,0.005583040,0.003319050
1.2,het2,0.005606100,0.013942500,0.004686470,0.005062030,0.002889800
1.2,het2,0.006442740,0.016120300,0.005427440,0.005734580,0.003287320
1.2,het2,0.006345060,0.016698900,0.005545250,0.005946960,0.003515900
1.2,het2,0.006013590,0.014952400,0.005014330,0.005296530,0.003033450
1.2,het2,0.004660520,0.012248700,0.004096960,0.004371410,0.002541950
1.2,het2,0.005811560,0.014624500,0.004929500,0.005248930,0.003085590
1.2,het3,0.004844360,0.012224000,0.004252830,0.004400930,0.002583260
1.2,het3,0.005236190,0.012978800,0.004403860,0.004702440,0.002722790
1.2,het3,0.004098050,0.010105100,0.003488790,0.003702880,0.002131450
1.2,het3,0.004722640,0.011853600,0.004061440,0.004433250,0.002577590
1.2,het3,0.004698930,0.011328800,0.003927190,0.004186800,0.002502510
1.2,het3,0.004577530,0.010953700,0.003870880,0.003999920,0.002333400
1.2,het3,0.004114620,0.010143900,0.003443840,0.003627370,0.002152050
1.2,het3,0.005374470,0.013378600,0.004549640,0.004843820,0.002829820
1.2,het3,0.004588140,0.011192600,0.003872590,0.004132190,0.002415380
1.2,het3,0.004434540,0.011162500,0.003884900,0.004056150,0.002301400
1.2,het4,0.003370060,0.007905960,0.002938280,0.003011450,0.001754650
1.2,het4,0.003943590,0.009176070,0.003297970,0.003531190,0.002052110
1.2,het4,0.002969880,0.007310160,0.002577280,0.002825450,0.001642600
1.2,het4,0.003399410,0.008046510,0.002931210,0.003142040,0.001761530
1.2,het4,0.003555220,0.008619100,0.003124610,0.003312540,0.001953190
1.2,het4,0.002517300,0.005861230,0.002299130,0.002349330,0.001377370
1.2,het4,0.003431440,0.008181970,0.002927490,0.003074490,0.001848490
1.2,het4,0.002943520,0.006478180,0.002451120,0.002552860,0.001517890
1.2,het4,0.003099660,0.007167540,0.002500100,0.002746870,0.001634660
1.2,het4,0.002732500,0.006268690,0.002317180,0.002473490,0.001459100
1.2,het5,0.002178760,0.004926960,0.001982770,0.002043500,0.001231610
1.2,het5,0.002319930,0.005220460,0.002151860,0.002194200,0.001286830
1.2,het5,0.002143760,0.004696230,0.001963310,0.001992410,0.001207440
1.2,het5,0.002511520,0.005757560,0.002212810,0.002295030,0.001328240
1.2,het5,0.002624830,0.005677780,0.002185160,0.002383090,0.001370360
1.2,het5,0.002346670,0.005110490,0.002046080,0.002109260,0.001207340
1.2,het5,0.001876900,0.004371120,0.001732980,0.001837590,0.001088830
1.2,het5,0.002179320,0.004893840,0.001898470,0.002039220,0.001220780
1.2,het5,0.002391450,0.004995370,0.001953210,0.002130690,0.001255880
1.2,het5,0.002306680,0.005078090,0.002013390,0.002026640,0.001197480
1.2,het6,0.001801810,0.003670740,0.001582070,0.001610400,0.000965018
1.2,het6,0.001428180,0.003081380,0.001280170,0.001377230,0.000863686
1.2,het6,0.002325330,0.004831330,0.001891630,0.002022800,0.001148600
1.2,het6,0.001618870,0.003500410,0.001581580,0.001580000,0.000978565
1.2,het6,0.001596620,0.003261730,0.001398570,0.001449440,0.000838494
1.2,het6,0.002142060,0.004458850,0.001882120,0.001928400,0.001122740
1.2,het6,0.001613500,0.003421710,0.001424990,0.001492010,0.000900994
1.2,het6,0.001485200,0.003157350,0.001404310,0.001362220,0.000872702
1.2,het6,0.001928900,0.003765930,0.001607690,0.001646310,0.000952227
1.2,het6,0.001382360,0.002942560,0.001352190,0.001314980,0.000788962
1.2,het7,0.001350720,0.002323050,0.001091830,0.001105560,0.000686834
1.2,het7,0.001440620,0.002697740,0.001284060,0.001301170,0.000721036
1.2,het7,0.001424690,0.002829650,0.001229130,0.001308740,0.000766636
1.2,het7,0.001484890,0.002704820,0.001319750,0.001295100,0.000776935
1.2,het7,0.001217460,0.002303230,0.001030480,0.001110620,0.000676734
1.2,het7,0.001266100,0.002504950,0.001214530,0.001210920,0.000745775
1.2,het7,0.001503630,0.002840800,0.001264300,0.001334200,0.000828430
1.2,het7,0.001314250,0.002464170,0.001120550,0.001168870,0.000670290
1.2,het7,0.001318000,0.002401320,0.001177160,0.001183140,0.000689857
1.2,het7,0.001440920,0.002538800,0.001210440,0.001214020,0.000716596
1.2,het8,0.001041240,0.001786120,0.000935752,0.000907270,0.000516100
1.2,het8,0.001027410,0.001867110,0.000951246,0.000953567,0.000583845
1.2,het8,0.001069780,0.001830900,0.000882702,0.000949744,0.000592418
1.2,het8,0.001037160,0.001662100,0.000893349,0.000895143,0.000566136
1.2,het8,0.001067740,0.001672920,0.000927376,0.000906859,0.000584648
1.2,het8,0.001060280,0.001958420,0.000968074,0.001022420,0.000665794
1.2,het8,0.001136350,0.002011960,0.000935101,0.000995613,0.000597965
1.2,het8,0.001035140,0.001856640,0.000874957,0.000954230,0.000599108
1.2,het8,0.001042570,0.001941500,0.001015520,0.000978822,0.000592349
1.2,het8,0.001208790,0.002032570,0.001073800,0.001069490,0.000637174
1.2,het9,0.000683780,0.001025480,0.000655479,0.000599465,0.000388969
1.2,het9,0.000732681,0.001286990,0.000780746,0.000774822,0.000449771
1.2,het9,0.000819106,0.001254790,0.000759923,0.000768817,0.000467874
1.2,het9,0.000837486,0.001375950,0.000851098,0.000824885,0.000485874
1.2,het9,0.000881308,0.001389150,0.000825993,0.000815144,0.000503923
1.2,het9,0.000791416,0.001334580,0.000802828,0.000774673,0.000483717
1.2,het9,0.000806356,0.001381800,0.000766953,0.000790160,0.000518547
1.2,het9,0.000821214,0.001341150,0.000809566,0.000806791,0.000497960
1.2,het9,0.000907422,0.001398920,0.000728107,0.000760007,0.000464526
1.2,het9,0.000905065,0.001319960,0.000800959,0.000758839,0.000527014
1.2,hom0,0.003470600,0.010214300,0.003239490,0.003296640,0.001626040
1.2,hom0,0.003190090,0.009550790,0.003062200,0.003156020,0.001588760
1.2,hom0,0.003946170,0.011883300,0.003738270,0.003866580,0.001870200
1.2,hom0,0.003302520,0.009342640,0.002976100,0.003061630,0.001522570
1.2,hom0,0.003326530,0.010132000,0.003155640,0.003327270,0.001636170
1.2,hom0,0.003337570,0.010421000,0.003312190,0.003496610,0.001693930
1.2,hom0,0.003334440,0.009847190,0.003200760,0.003326810,0.001617710
1.2,hom0,0.003124300,0.009021640,0.002856000,0.002927840,0.001467560
1.2,hom0,0.004589520,0.013749000,0.004481480,0.004546040,0.002125440
1.2,hom0,0.003531910,0.010504400,0.003381130,0.003454940,0.001701620
1.2,hom1,0.002658800,0.007274230,0.002494390,0.002540590,0.001252050
1.2,hom1,0.002398430,0.007095870,0.002514140,0.002524090,0.001210040
1.2,hom1,0.001866610,0.004850390,0.001756200,0.001748520,0.000863684
1.2,hom1,0.002574030,0.007397340,0.002632800,0.002603320,0.001223810
1.2,hom1,0.002715620,0.007793960,0.002672860,0.002740130,0.001317210
1.2,hom1,0.002142920,0.005661290,0.001993650,0.002006960,0.001034760
1.2,hom1,0.002899780,0.008286770,0.002729350,0.002832970,0.001348380
1.2,hom1,0.002003780,0.005821250,0.002045230,0.002081920,0.001031930
1.2,hom1,0.002007770,0.005843700,0.002043340,0.002073240,0.000969409
1.2,hom1,0.002149510,0.005972730,0.002033310,0.002131120,0.001069800
1.2,hom10,0.000276471,0.000270907,0.000336984,0.000307985,0.000187106
1.2,hom10,0.000285368,0.000246913,0.000344020,0.000296567,0.000155120
1.2,hom10,0.000287309,0.000207031,0.000327100,0.000292572,0.000174382
1.2,hom10,0.000345682,0.000270560,0.000349524,0.000317984,0.000186300
1.2,hom10,0.000292914,0.000247915,0.000332637,0.000293109,0.000170017
1.2,hom10,0.000332387,0.000253017,0.000350250,0.000319995,0.000176529
1.2,hom10,0.000271618,0.000207945,0.000322691,0.000287626,0.000157071
1.2,hom10,0.000315805,0.000231663,0.000323603,0.000280759,0.000163675
1.2,hom10,0.000314684,0.000214649,0.000324111,0.000299863,0.000183623
1.2,hom10,0.000299622,0.000245401,0.000337715,0.000318251,0.000182192
1.2,hom11,0.000243768,0.000170217,0.000350945,0.000290174,0.000133294
1.2,hom11,0.000255152,0.000150102,0.000280767,0.000263018,0.000143867
1.2,hom11,0.000271618,0.000166518,0.000295741,0.000271903,0.000155508
1.2,hom11,0.000256819,0.000149110,0.000286632,0.000268374,0.000148713
1.2,hom11,0.000227732,0.000180907,0.000318425,0.000290276,0.000184401
1.2,hom11,0.000255126,0.000172325,0.000293797,0.000272130,0.000123146
1.2,hom11,0.000215950,0.000162300,0.000314992,0.000287082,0.000155921
1.2,hom11,0.000202652,0.000150507,0.000313582,0.000258777,0.000137971
1.2,hom11,0.000276412,0.000197029,0.000368100,0.000316305,0.000157539
1.2,hom11,0.000245870,0.000163916,0.000298009,0.000265731,0.000157255
1.2,hom2,0.001193860,0.003069530,0.001206900,0.001221950,0.000609567
1.2,hom2,0.001835870,0.004787320,0.001794400,0.001797190,0.000868802
1.2,hom2,0.001680210,0.004496740,0.001653850,0.001740280,0.000880055
1.2,hom2,0.001345380,0.003628940,0.001374390,0.001387700,0.000675731
1.2,hom2,0.001642460,0.004100040,0.001576150,0.001569870,0.000766936
1.2,hom2,0.001224180,0.003345660,0.001351480,0.001338370,0.000650972
1.2,hom2,0.001458860,0.003650260,0.001367520,0.001427220,0.000723599
1.2,hom2,0.001271620,0.003086650,0.001248560,0.001257150,0.000639236
1.2,hom2,0.001476020,0.003801280,0.001380660,0.001386950,0.000676603
1.2,hom2,0.001369120,0.003448960,0.001349630,0.001360860,0.000657980
1.2,hom3,0.001371710,0.003442530,0.001370390,0.001392190,0.000699211
1.2,hom3,0.001107020,0.002751890,0.001158910,0.001161320,0.000578682
1.2,hom3,0.001125430,0.002712000,0.001132990,0.001152410,0.000550582
1.2,hom3,0.001115430,0.002639520,0.001151050,0.001100840,0.000589994
1.2,hom3,0.001050750,0.002521450,0.001064940,0.001016330,0.000518547
1.2,hom3,0.000997879,0.002186330,0.000966646,0.000960941,0.000467616
1.2,hom3,0.001144620,0.002560080,0.001051000,0.001077200,0.000572864
1.2,hom3,0.000940827,0.002168070,0.000975481,0.000919160,0.000516879
1.2,hom3,0.001086330,0.002507770,0.001051880,0.001060620,0.000564357
1.2,hom3,0.000828775,0.001996690,0.000916023,0.000885386,0.000486558
1.2,hom4,0.000813367,0.001710900,0.000814039,0.000774604,0.000410016
1.2,hom4,0.000692742,0.001441770,0.000724623,0.000694846,0.000366365
1.2,hom4,0.000767352,0.001643400,0.000749675,0.000779261,0.000421143
1.2,hom4,0.000770761,0.001584250,0.000767019,0.000751945,0.000387689
1.2,hom4,0.000802693,0.001861830,0.000898312,0.000839125,0.000459596
1.2,hom4,0.000821749,0.001936890,0.000880841,0.000862687,0.000439174
1.2,hom4,0.000615813,0.001281040,0.000686781,0.000616167,0.000321562
1.2,hom4,0.000775668,0.001709060,0.000865006,0.000860667,0.000456723
1.2,hom4,0.000994303,0.002189020,0.000985712,0.000960028,0.000523761
1.2,hom4,0.000859674,0.001838180,0.000866227,0.000875628,0.000417090
1.2,hom5,0.000525242,0.001090570,0.000629996,0.000620758,0.000328948
1.2,hom5,0.000655962,0.001171590,0.000672367,0.000662132,0.000341594
1.2,hom5,0.000567711,0.001113660,0.000585375,0.000615820,0.000309840
1.2,hom5,0.000497891,0.001033630,0.000584222,0.000540424,0.000283845
1.2,hom5,0.000601145,0.001090090,0.000618433,0.000599988,0.000307109
1.2,hom5,0.000535730,0.001047020,0.000539918,0.000538475,0.000301318
1.2,hom5,0.000502390,0.000949255,0.000532366,0.000523609,0.000287105
1.2,hom5,0.000522664,0.000952665,0.000515920,0.000558834,0.000286822
1.2,hom5,0.000755137,0.001277660,0.000709441,0.000669282,0.000331333
1.2,hom5,0.000557774,0.001039180,0.000576857,0.000561554,0.000296210
1.2,hom6,0.000504800,0.000791570,0.000578904,0.000516824,0.000309504
1.2,hom6,0.000424605,0.000739925,0.000517446,0.000469021,0.000248660
1.2,hom6,0.000519212,0.000980679,0.000578988,0.000567307,0.000294651
1.2,hom6,0.000445559,0.000762063,0.000534773,0.000530626,0.000270623
1.2,hom6,0.000451682,0.000839512,0.000564798,0.000536255,0.000273251
1.2,hom6,0.000497891,0.000825763,0.000533173,0.000513950,0.000247295
1.2,hom6,0.000514283,0.000819189,0.000509923,0.000471707,0.000257097
1.2,hom6,0.000389370,0.000616753,0.000434914,0.000408796,0.000245259
1.2,hom6,0.000583821,0.001047230,0.000588517,0.000569816,0.000299554
1.2,hom6,0.000434404,0.000840085,0.000507404,0.000483274,0.000279028
1.2,hom7,0.000369462,0.000561351,0.000487716,0.000437945,0.000237747
1.2,hom7,0.000410412,0.000587839,0.000471005,0.000437276,0.000243983
1.2,hom7,0.000370186,0.000528356,0.000363287,0.000362743,0.000214864
1.2,hom7,0.000377900,0.000463322,0.000405552,0.000394623,0.000211523
1.2,hom7,0.000406738,0.000611650,0.000446803,0.000432590,0.000218024
1.2,hom7,0.000441839,0.000607408,0.000465422,0.000445436,0.000232023
1.2,hom7,0.000318824,0.000513045,0.000415089,0.000403012,0.000217858
1.2,hom7,0.000347523,0.000562089,0.000437858,0.000388537,0.000203425
1.2,hom7,0.000364502,0.000524730,0.000432759,0.000379324,0.000195681
1.2,hom7,0.000376800,0.000581724,0.000478033,0.000453179,0.000221490
1.2,hom8,0.000325347,0.000386844,0.000402065,0.000326301,0.000178505
1.2,hom8,0.000314006,0.000428590,0.000371547,0.000375904,0.000192536
1.2,hom8,0.000294289,0.000317526,0.000361007,0.000336434,0.000194194
1.2,hom8,0.000370186,0.000413248,0.000425018,0.000381341,0.000190731
1.2,hom8,0.000362729,0.000421424,0.000420441,0.000379851,0.000185083
1.2,hom8,0.000357102,0.000427668,0.000446094,0.000394431,0.000201614
1.2,hom8,0.000309287,0.000395323,0.000360418,0.000342805,0.000204772
1.2,hom8,0.000328486,0.000405313,0.000377419,0.000356998,0.000194516
1.2,hom8,0.000343386,0.000393015,0.000394569,0.000354209,0.000192513
1.2,hom8,0.000339743,0.000390090,0.000361105,0.000354969,0.000199579
1.2,hom9,0.000311561,0.000282709,0.000335526,0.000318052,0.000190198
1.2,hom9,0.000320892,0.000312810,0.000407068,0.000344067,0.000186300
1.2,hom9,0.000281912,0.000289844,0.000363135,0.000330107,0.000202773
1.2,hom9,0.000277640,0.000325392,0.000347677,0.000317880,0.000160369
1.2,hom9,0.000336524,0.000316475,0.000402716,0.000344360,0.000192859
1.2,hom9,0.000295058,0.000305825,0.000312053,0.000304117,0.000168793
1.2,hom9,0.000306526,0.000274248,0.000340553,0.000306357,0.000184528
1.2,hom9,0.000300882,0.000270751,0.000368179,0.000326129,0.000163393
1.2,hom9,0.000336491,0.000308885,0.000346312,0.000326786,0.000173028
1.2,hom9,0.000363126,0.000279043,0.000356139,0.000328696,0.000197241
1.3,base,0.217947000,0.423884000,0.165034000,0.178348000,0.134988000
1.3,base,0.217794000,0.423442000,0.165711000,0.177557000,0.135787000
1.3,base,0.217962000,0.423599000,0.165645000,0.177478000,0.135652000
1.3,base,0.216120000,0.422803000,0.165342000,0.177577000,0.134978000
1.3,base,0.216294000,0.424134000,0.165546000,0.178022000,0.135662000
1.3,base,0.217559000,0.422606000,0.165782000,0.177634000,0.135177000
1.3,base,0.218509000,0.424184000,0.166336000,0.178218000,0.135471000
1.3,base,0.218669000,0.425370000,0.166757000,0.178918000,0.136620000
1.3,base,0.217435000,0.423904000,0.165807000,0.178144000,0.135670000
1.3,base,0.216863000,0.424072000,0.165565000,0.177898000,0.135992000
1.3,het0,0.067943700,0.173039000,0.058853600,0.061797200,0.036765800
1.3,het0,0.063411400,0.162256000,0.054933500,0.057709800,0.034150700
1.3,het0,0.056227100,0.144639000,0.048150100,0.051334800,0.030329300
1.3,het0,0.068059000,0.172957000,0.058751100,0.061993500,0.036419400
1.3,het0,0.058522100,0.150673000,0.050888100,0.053236100,0.031382200
1.3,het0,0.066673200,0.169218000,0.057040300,0.060554000,0.035945700
1.3,het0,0.060242000,0.153159000,0.051476700,0.054497800,0.031936600
1.3,het0,0.061505500,0.157553000,0.053302000,0.056048000,0.033004700
1.3,het0,0.071413300,0.181968000,0.062129600,0.065016100,0.038148100
1.3,het0,0.063437000,0.161763000,0.054556000,0.057172800,0.033614300
1.3,het1,0.048996400,0.123989000,0.042622400,0.044892700,0.026297900
1.3,het1,0.057014200,0.142901000,0.049663700,0.052232200,0.030822200
1.3,het1,0.053041600,0.131511000,0.045687600,0.047954200,0.028198600
1.3,het1,0.050848800,0.126867000,0.043862700,0.046448700,0.027108300
1.3,het1,0.052685400,0.132300000,0.045569300,0.048227800,0.028425000
1.3,het1,0.052120400,0.130122000,0.044976800,0.047316400,0.027918000
1.3,het1,0.052403500,0.131754000,0.045141700,0.047751400,0.028430600
1.3,het1,0.048433700,0.121292000,0.041916900,0.044249100,0.025968600
1.3,het1,0.046030300,0.114777000,0.039634300,0.041418500,0.024228600
1.3,het1,0.047938200,0.121146000,0.041326300,0.043787700,0.025520400
1.3,het10,0.001574160,0.002429350,0.001452090,0.001457010,0.000862127
1.3,het10,0.001604840,0.002317940,0.001392960,0.001443120,0.000850085
1.3,het10,0.001522180,0.002343640,0.001388580,0.001399980,0.000862570
1.3,het10,0.001590220,0.002516750,0.001549180,0.001540510,0.000926969
1.3,het10,0.001759320,0.002711810,0.001621260,0.001631420,0.000966652
1.3,het10,0.001420220,0.002340410,0.001376050,0.001379870,0.000815410
1.3,het10,0.001430090,0.002166260,0.001339120,0.001313280,0.000787201
1.3,het10,0.001400240,0.002064350,0.001235850,0.001267030,0.000775709
1.3,het10,0.001538500,0.002252320,0.001354840,0.001397860,0.000874597
1.3,het10,0.001741120,0.002784730,0.001670130,0.001676430,0.000992715
1.3,het11,0.001185590,0.001685680,0.001174340,0.001139460,0.000724933
1.3,het11,0.001196800,0.001636770,0.001165080,0.001149960,0.000656339
1.3,het11,0.001346760,0.001794950,0.001190620,0.001185050,0.000710764
1.3,het11,0.001185410,0.001618980,0.001144020,0.001124510,0.000733101
1.3,het11,0.001151630,0.001521760,0.001062800,0.001070100,0.000636903
1.3,het11,0.001082340,0.001462920,0.001035450,0.001019920,0.000602497
1.3,het11,0.001130830,0.001618670,0.001149360,0.001064860,0.000658695
1.3,het11,0.001280820,0.001723290,0.001109510,0.001102820,0.000661354
1.3,het11,0.001420430,0.001941100,0.001222740,0.001212980,0.000759922
1.3,het11,0.000958708,0.001385450,0.000971224,0.000982061,0.000563656
1.3,het2,0.032563600,0.079539300,0.028696700,0.029792300,0.017607300
1.3,het2,0.031359300,0.076396700,0.027466100,0.028787300,0.016670400
1.3,het2,0.034144400,0.083771200,0.029853700,0.031542500,0.018418000
1.3,het2,0.031704800,0.077836300,0.028055400,0.029347100,0.017204700
1.3,het2,0.037790000,0.092238200,0.033197800,0.035050600,0.020632100
1.3,het2,0.031830400,0.077649500,0.027945800,0.029415700,0.017105100
1.3,het2,0.032732000,0.079348200,0.028619900,0.029909800,0.017389200
1.3,het2,0.030880400,0.074554100,0.026623300,0.028009700,0.016116800
1.3,het2,0.033405000,0.079829600,0.028807100,0.030013800,0.017487600
1.3,het2,0.030110600,0.074332300,0.026398300,0.027623700,0.016082500
1.3,het3,0.023675800,0.055969800,0.020780300,0.021800300,0.012698100
1.3,het3,0.029937400,0.070508100,0.026415900,0.027461400,0.015934500
1.3,het3,0.022143200,0.052749200,0.019595100,0.020356100,0.011728100
1.3,het3,0.028649400,0.066926300,0.025240700,0.026190200,0.015069300
1.3,het3,0.025193800,0.059599000,0.021981300,0.023194300,0.013746700
1.3,het3,0.023840400,0.056003000,0.020684200,0.021559900,0.012639900
1.3,het3,0.023754400,0.056153800,0.020832600,0.021833300,0.012860900
1.3,het3,0.022476400,0.053921300,0.019882400,0.020891800,0.012081800
1.3,het3,0.023630200,0.055024500,0.020521100,0.021464700,0.012528200
1.3,het3,0.029340300,0.068596900,0.025417100,0.026570700,0.015335600
1.3,het4,0.013679100,0.031315400,0.012280400,0.012708100,0.007397690
1.3,het4,0.016183700,0.036162000,0.014000900,0.014582000,0.008498890
1.3,het4,0.015529800,0.036092800,0.013857100,0.014628700,0.008352320
1.3,het4,0.014979900,0.034336400,0.013385600,0.013925500,0.007995480
1.3,het4,0.016862800,0.038929500,0.014953000,0.015659300,0.009194770
1.3,het4,0.015772500,0.035855600,0.013872400,0.014476500,0.008456260
1.3,het4,0.015291800,0.035049300,0.013787400,0.014132100,0.008117680
1.3,het4,0.014175200,0.032827300,0.012805500,0.013241200,0.007764470
1.3,het4,0.015569900,0.035806200,0.013882000,0.014441900,0.008474660
1.3,het4,0.019386800,0.043787200,0.017191400,0.017878900,0.010180600
1.3,het5,0.012696800,0.027941000,0.011326500,0.011810100,0.006796440
1.3,het5,0.013852100,0.029569900,0.012330700,0.012750200,0.007278190
1.3,het5,0.009488760,0.020601800,0.008696800,0.008798650,0.005066190
1.3,het5,0.011511700,0.024758700,0.010094700,0.010503800,0.006213930
1.3,het5,0.011492100,0.024581800,0.010255900,0.010565500,0.006093730
1.3,het5,0.009474680,0.020484500,0.008326510,0.008630560,0.005003280
1.3,het5,0.011149200,0.024081400,0.009952900,0.010368300,0.005938180
1.3,het5,0.011263800,0.024080600,0.010080400,0.010397100,0.006077030
1.3,het5,0.010532900,0.023276800,0.009528350,0.009942690,0.005813000
1.3,het5,0.009323830,0.020816800,0.008632250,0.008953230,0.005098880
1.3,het6,0.007351600,0.015736000,0.006756050,0.007034770,0.004067430
1.3,het6,0.006469180,0.013519000,0.005808530,0.005900740,0.003486290
1.3,het6,0.007009440,0.014361700,0.006397030,0.006499130,0.003795130
1.3,het6,0.006502920,0.014006700,0.005966300,0.006216510,0.003571010
1.3,het6,0.006684300,0.013958300,0.006148160,0.006283100,0.003670460
1.3,het6,0.007857830,0.016099000,0.007015380,0.007192780,0.004307210
1.3,het6,0.005756780,0.011289000,0.005074180,0.005161130,0.002986980
1.3,het6,0.005898980,0.012014100,0.005333020,0.005452350,0.003177230
1.3,het6,0.006372600,0.013123200,0.005664760,0.005851450,0.003402680
1.3,het6,0.008465940,0.017268200,0.007575820,0.007792270,0.004442860
1.3,het7,0.004447320,0.008734290,0.004135320,0.004257250,0.002497510
1.3,het7,0.005353260,0.010234200,0.004772570,0.004869290,0.002872460
1.3,het7,0.004208060,0.008011020,0.003705110,0.003912020,0.002318630
1.3,het7,0.004526490,0.008527310,0.003906050,0.004155640,0.002393090
1.3,het7,0.004503080,0.008580210,0.003969020,0.004148620,0.002339980
1.3,het7,0.005101460,0.009716960,0.004430450,0.004562710,0.002592060
1.3,het7,0.003518110,0.006925290,0.003414540,0.003370580,0.002002730
1.3,het7,0.004727420,0.009311240,0.004348770,0.004427520,0.002605560
1.3,het7,0.005003990,0.009855980,0.004521270,0.004631850,0.002710690
1.3,het7,0.004527470,0.008739360,0.004080250,0.004133810,0.002434680
1.3,het8,0.003784220,0.007266240,0.003593100,0.003651270,0.002100750
1.3,het8,0.003301200,0.006320380,0.003177690,0.003238330,0.001961220
1.3,het8,0.002831500,0.005081640,0.002463220,0.002563030,0.001463080
1.3,het8,0.003288860,0.006090940,0.003136900,0.003069520,0.001838020
1.3,het8,0.002328090,0.004488820,0.002263860,0.002297520,0.001411450
1.3,het8,0.002785120,0.005086530,0.002531180,0.002596310,0.001534760
1.3,het8,0.002950650,0.005482520,0.002533570,0.002685280,0.001557980
1.3,het8,0.002989500,0.005565440,0.002715850,0.002718700,0.001646380
1.3,het8,0.002770530,0.004958820,0.002367410,0.002447820,0.001439560
1.3,het8,0.003530850,0.006388690,0.003250660,0.003200280,0.001986440
1.3,het9,0.002150600,0.003532030,0.001954400,0.001998280,0.001168470
1.3,het9,0.001995590,0.003208130,0.001767510,0.001791100,0.001070250
1.3,het9,0.001798440,0.003245790,0.001730580,0.001727250,0.001118690
1.3,het9,0.002221200,0.003919270,0.001986500,0.002030260,0.001191710
1.3,het9,0.002215210,0.003741320,0.001968830,0.002051680,0.001237900
1.3,het9,0.002525060,0.004154900,0.002243930,0.002215970,0.001324990
1.3,het9,0.002310800,0.003856560,0.002077240,0.002056940,0.001275440
1.3,het9,0.002112280,0.003274590,0.001941920,0.001935400,0.001093410
1.3,het9,0.002228520,0.003633880,0.002027000,0.001991030,0.001228630
1.3,het9,0.002082590,0.003640680,0.001979550,0.001952200,0.001159490
1.3,hom0,0.013544600,0.039072800,0.013357300,0.013760400,0.006593770
1.3,hom0,0.017417700,0.049753800,0.016866700,0.017314600,0.008523050
1.3,hom0,0.014785300,0.042120000,0.014537900,0.014938600,0.007171470
1.3,hom0,0.018391700,0.052915300,0.018155300,0.018446700,0.009074070
1.3,hom0,0.017579300,0.049974100,0.017152300,0.017611100,0.008375390
1.3,hom0,0.018334900,0.053350000,0.018394100,0.018668100,0.008988220
1.3,hom0,0.016013900,0.045101800,0.015427000,0.015823900,0.007623270
1.3,hom0,0.017629200,0.050063700,0.016976700,0.017535300,0.008484780
1.3,hom0,0.017857500,0.050975700,0.017645600,0.017890400,0.008655310
1.3,hom0,0.019465800,0.055732000,0.018888900,0.019412000,0.009381010
1.3,hom1,0.010781900,0.029415600,0.010570500,0.010816500,0.005091680
1.3,hom1,0.009091030,0.025268500,0.009048560,0.009263140,0.004481340
1.3,hom1,0.010499500,0.028875800,0.010504700,0.010581300,0.005031100
1.3,hom1,0.011254800,0.030941200,0.011278200,0.011361400,0.005529630
1.3,hom1,0.010662100,0.029212200,0.010469400,0.010778900,0.005056750
1.3,hom1,0.009894370,0.027129800,0.009701340,0.009837370,0.004854920
1.3,hom1,0.008542680,0.023876200,0.008564900,0.008577430,0.004182640
1.3,hom1,0.010216200,0.028255700,0.010058800,0.010294100,0.005115760
1.3,hom1,0.013910600,0.037833100,0.013552300,0.013872900,0.006657690
1.3,hom1,0.010754900,0.029487800,0.010639500,0.010869400,0.005169570
1.3,hom10,0.000388762,0.000332743,0.000437458,0.000413007,0.000215921
1.3,hom10,0.000340174,0.000310779,0.000412751,0.000359985,0.000203449
1.3,hom10,0.000319042,0.000282110,0.000380157,0.000394710,0.000198873
1.3,hom10,0.000397812,0.000336781,0.000457657,0.000429847,0.000213307
1.3,hom10,0.000387555,0.000335594,0.000424695,0.000429346,0.000229409
1.3,hom10,0.000388814,0.000330600,0.000436165,0.000392706,0.000220368
1.3,hom10,0.000422508,0.000319753,0.000447685,0.000403617,0.000230466
1.3,hom10,0.000354709,0.000311404,0.000401585,0.000385182,0.000224860
1.3,hom10,0.000414019,0.000388056,0.000470359,0.000443951,0.000233882
1.3,hom10,0.000402686,0.000300756,0.000453470,0.000391414,0.000195631
1.3,hom11,0.000323237,0.000250976,0.000373166,0.000355736,0.000186326
1.3,hom11,0.000330861,0.000263184,0.000400649,0.000352006,0.000204228
1.3,hom11,0.000319515,0.000234810,0.000422697,0.000378780,0.000199552
1.3,hom11,0.000368549,0.000250764,0.000414201,0.000393560,0.000192634
1.3,hom11,0.000333733,0.000223128,0.000447793,0.000383359,0.000202646
1.3,hom11,0.000385074,0.000282540,0.000431437,0.000380772,0.000217080
1.3,hom11,0.000320460,0.000235503,0.000382445,0.000348364,0.000196180
1.3,hom11,0.000322732,0.000214780,0.000348832,0.000343976,0.000178084
1.3,hom11,0.000319876,0.000251808,0.000421981,0.000348028,0.000199269
1.3,hom11,0.000313429,0.000228743,0.000408663,0.000374842,0.000194650
1.3,hom2,0.006046000,0.016162500,0.006309910,0.006390360,0.003080580
1.3,hom2,0.006127780,0.015554900,0.005998200,0.006182550,0.002922440
1.3,hom2,0.005631180,0.013759500,0.005404690,0.005600570,0.002677310
1.3,hom2,0.005475780,0.013961900,0.005497460,0.005581700,0.002687300
1.3,hom2,0.004949170,0.012481200,0.004982430,0.005008810,0.002474050
1.3,hom2,0.005546110,0.014267100,0.005375390,0.005591890,0.002686740
1.3,hom2,0.005022870,0.012850700,0.005035400,0.005148510,0.002534240
1.3,hom2,0.005875080,0.015195000,0.005995140,0.006019530,0.002811520
1.3,hom2,0.005796190,0.014972400,0.005863180,0.005823840,0.002839380
1.3,hom2,0.004226750,0.010679100,0.004296710,0.004302530,0.002096070
1.3,hom3,0.002984440,0.007247440,0.003095280,0.003062270,0.001514570
1.3,hom3,0.003195140,0.007750960,0.003258880,0.003350450,0.001629260
1.3,hom3,0.004059960,0.009879840,0.004247290,0.004164980,0.001914220
1.3,hom3,0.003742680,0.008707270,0.003740880,0.003751430,0.001793880
1.3,hom3,0.003820070,0.009227300,0.003935000,0.003850960,0.001929260
1.3,hom3,0.003052650,0.007414880,0.003138320,0.003187230,0.001563990
1.3,hom3,0.003217930,0.007665410,0.003302970,0.003246630,0.001543410
1.3,hom3,0.003201120,0.007228070,0.003011860,0.003080630,0.001566200
1.3,hom3,0.002603130,0.006144930,0.002666640,0.002654980,0.001359720
1.3,hom3,0.003341410,0.008001130,0.003374310,0.003383930,0.001608590
1.3,hom4,0.002140950,0.004732840,0.002212060,0.002201620,0.001082720
1.3,hom4,0.002337140,0.005190200,0.002421800,0.002411920,0.001140410
1.3,hom4,0.001804820,0.003812460,0.001808490,0.001763150,0.000854905
1.3,hom4,0.002279610,0.005057130,0.002354780,0.002297580,0.001118850
1.3,hom4,0.002072850,0.004497630,0.002121940,0.002102960,0.000958916
1.3,hom4,0.001890880,0.004050490,0.001973130,0.001906460,0.000940553
1.3,hom4,0.001933810,0.004147940,0.001900160,0.001871810,0.000959103
1.3,hom4,0.001943290,0.004230920,0.001910070,0.001958530,0.000939412
1.3,hom4,0.002119970,0.004993040,0.002126620,0.002229990,0.001088510
1.3,hom4,0.002028600,0.004273580,0.002102000,0.001989290,0.000973479
1.3,hom5,0.001292310,0.002694510,0.001416600,0.001405830,0.000639236
1.3,hom5,0.001516650,0.002907570,0.001521260,0.001497190,0.000725966
1.3,hom5,0.001426310,0.002818050,0.001445930,0.001373520,0.000682053
1.3,hom5,0.001462130,0.002794090,0.001452230,0.001428700,0.000684495
1.3,hom5,0.001388200,0.002975310,0.001475850,0.001529200,0.000775378
1.3,hom5,0.001157980,0.002312770,0.001302130,0.001212680,0.000614670
1.3,hom5,0.001288040,0.002558050,0.001361120,0.001328240,0.000645349
1.3,hom5,0.001231080,0.002445940,0.001298220,0.001296190,0.000646204
1.3,hom5,0.001505300,0.003123630,0.001571440,0.001579180,0.000796649
1.3,hom5,0.001298170,0.002786090,0.001424170,0.001381770,0.000690986
1.3,hom6,0.000902080,0.001579080,0.000939169,0.000918662,0.000477054
1.3,hom6,0.000975214,0.001834120,0.001069130,0.001024830,0.000487254
1.3,hom6,0.000836803,0.001359440,0.000847309,0.000817574,0.000379616
1.3,hom6,0.000969576,0.001686920,0.001027350,0.000979363,0.000519476
1.3,hom6,0.001000990,0.001682650,0.001027650,0.000987708,0.000482935
1.3,hom6,0.000898866,0.001608110,0.000970575,0.000972977,0.000455481
1.3,hom6,0.001053390,0.001914110,0.001105010,0.001058380,0.000515510
1.3,hom6,0.001064980,0.001827080,0.001148750,0.001097820,0.000537160
1.3,hom6,0.000753585,0.001218380,0.000754126,0.000780333,0.000445052
1.3,hom6,0.001074290,0.001802500,0.001074420,0.001053420,0.000543247
1.3,hom7,0.000795026,0.001182070,0.000786060,0.000769195,0.000399159
1.3,hom7,0.000631393,0.000921754,0.000763781,0.000670250,0.000337523
1.3,hom7,0.000585319,0.000813305,0.000635111,0.000594733,0.000318036
1.3,hom7,0.000712345,0.001053130,0.000770953,0.000726927,0.000365770
1.3,hom7,0.000708603,0.001052640,0.000825201,0.000723378,0.000400924
1.3,hom7,0.000820623,0.001192680,0.000863571,0.000801907,0.000405160
1.3,hom7,0.000693523,0.001091710,0.000758857,0.000732680,0.000363374
1.3,hom7,0.000719870,0.001113200,0.000796943,0.000724528,0.000388145
1.3,hom7,0.000644809,0.000882875,0.000604481,0.000627677,0.000315333
1.3,hom7,0.000680435,0.001183010,0.000759102,0.000775540,0.000355575
1.3,hom8,0.000465501,0.000591901,0.000544178,0.000508429,0.000255676
1.3,hom8,0.000506176,0.000678082,0.000578194,0.000537918,0.000249474
1.3,hom8,0.000501942,0.000668026,0.000544702,0.000540594,0.000278422
1.3,hom8,0.000527999,0.000717552,0.000624333,0.000588722,0.000304784
1.3,hom8,0.000524891,0.000656886,0.000559831,0.000526860,0.000291935
1.3,hom8,0.000535129,0.000647594,0.000572878,0.000534285,0.000271403
1.3,hom8,0.000449480,0.000615712,0.000495030,0.000495100,0.000274288
1.3,hom8,0.000549537,0.000715076,0.000563331,0.000587968,0.000292753
1.3,hom8,0.000574160,0.000672812,0.000584252,0.000539906,0.000305001
1.3,hom8,0.000524043,0.000685642,0.000595401,0.000522588,0.000297733
1.3,hom9,0.000423556,0.000413598,0.000451082,0.000433817,0.000235528
1.3,hom9,0.000470162,0.000519050,0.000526944,0.000473624,0.000261004
1.3,hom9,0.000491546,0.000483895,0.000464712,0.000458864,0.000256159
1.3,hom9,0.000391974,0.000475644,0.000518862,0.000482579,0.000245868
1.3,hom9,0.000419235,0.000517788,0.000518049,0.000482891,0.000252528
1.3,hom9,0.000377733,0.000417352,0.000455154,0.000449838,0.000254896
1.3,hom9,0.000465501,0.000530152,0.000536363,0.000478702,0.000270486
1.3,hom9,0.000406100,0.000396165,0.000478234,0.000432340,0.000230434
1.3,hom9,0.000442723,0.000434441,0.000456601,0.000442008,0.000250406
1.3,hom9,0.000506176,0.000541408,0.000550526,0.000498605,0.000274422
1.4,base,0.263583000,0.471602000,0.208136000,0.219859000,0.170571000
1.4,base,0.262788000,0.472446000,0.207502000,0.219294000,0.170188000
1.4,base,0.263533000,0.472550000,0.207752000,0.219895000,0.170569000
1.4,base,0.264148000,0.470946000,0.207981000,0.219457000,0.170375000
1.4,base,0.263394000,0.472445000,0.207640000,0.219634000,0.170256000
1.4,base,0.263037000,0.471577000,0.207365000,0.219726000,0.170189000
1.4,base,0.262783000,0.471821000,0.207619000,0.219691000,0.170597000
1.4,base,0.264048000,0.471368000,0.207362000,0.219698000,0.170820000
1.4,base,0.263913000,0.472187000,0.207827000,0.220203000,0.170515000
1.4,base,0.263995000,0.472682000,0.208559000,0.220467000,0.170080000
1.4,het0,0.156417000,0.344436000,0.138504000,0.143057000,0.087934400
1.4,het0,0.158072000,0.346612000,0.140581000,0.144662000,0.088550000
1.4,het0,0.152536000,0.336495000,0.135107000,0.139397000,0.085061300
1.4,het0,0.159019000,0.347307000,0.140411000,0.144426000,0.088606500
1.4,het0,0.152150000,0.336291000,0.134671000,0.138891000,0.084791700
1.4,het0,0.151716000,0.336153000,0.134684000,0.138597000,0.084921100
1.4,het0,0.155839000,0.343326000,0.138354000,0.142793000,0.087582700
1.4,het0,0.156272000,0.344435000,0.138755000,0.142928000,0.087359700
1.4,het0,0.157890000,0.346366000,0.140298000,0.144255000,0.088242600
1.4,het0,0.154192000,0.341195000,0.136633000,0.140904000,0.086051400
1.4,het1,0.141587000,0.306701000,0.125301000,0.128270000,0.078346600
1.4,het1,0.138607000,0.302028000,0.122240000,0.126422000,0.076791500
1.4,het1,0.142092000,0.309951000,0.126347000,0.130017000,0.079416300
1.4,het1,0.143958000,0.313143000,0.127301000,0.131717000,0.080055500
1.4,het1,0.139347000,0.305291000,0.124315000,0.128202000,0.078064600
1.4,het1,0.142782000,0.310291000,0.126233000,0.130330000,0.078953900
1.4,het1,0.140682000,0.308284000,0.125591000,0.129317000,0.078759800
1.4,het1,0.142223000,0.310627000,0.126410000,0.130429000,0.079896400
1.4,het1,0.145110000,0.313203000,0.127720000,0.132077000,0.080675700
1.4,het1,0.147948000,0.318409000,0.131915000,0.135411000,0.082722100
1.4,het10,0.006137470,0.009664990,0.005891520,0.005876670,0.003496830
1.4,het10,0.004221230,0.006691690,0.004226760,0.004127070,0.002359610
1.4,het10,0.005174750,0.008122990,0.004802110,0.004950910,0.003061640
1.4,het10,0.004400440,0.006963460,0.004183120,0.004195390,0.002510210
1.4,het10,0.004932810,0.007589970,0.004718090,0.004756200,0.002783910
1.4,het10,0.005954790,0.009180780,0.005625440,0.005693620,0.003329630
1.4,het10,0.004086550,0.006307750,0.003903340,0.003957970,0.002322450
1.4,het10,0.006355870,0.010039200,0.006076890,0.006091170,0.003738480
1.4,het10,0.004652240,0.007140270,0.004428540,0.004397410,0.002643060
1.4,het10,0.005552320,0.008899800,0.005124760,0.005237290,0.003140640
1.4,het11,0.004181170,0.005959970,0.004057890,0.003971960,0.002354160
1.4,het11,0.003084590,0.004307110,0.002907470,0.002870200,0.001636620
1.4,het11,0.003028800,0.004400410,0.003008740,0.002841280,0.001752560
1.4,het11,0.003370650,0.005035880,0.003449400,0.003405730,0.001962000
1.4,het11,0.003154670,0.004750270,0.003005080,0.003134300,0.001836650
1.4,het11,0.003425150,0.004734400,0.003216760,0.003118850,0.001877810
1.4,het11,0.002609440,0.003654110,0.002521940,0.002454070,0.001458890
1.4,het11,0.002917730,0.003950690,0.002675340,0.002656010,0.001591140
1.4,het11,0.003184970,0.004389180,0.002970180,0.002945870,0.001845780
1.4,het11,0.003886190,0.005341260,0.003718600,0.003616890,0.002127000
1.4,het2,0.120393000,0.258261000,0.107510000,0.110829000,0.066212400
1.4,het2,0.121041000,0.258502000,0.108224000,0.111107000,0.067531100
1.4,het2,0.115230000,0.246662000,0.101734000,0.104833000,0.063457400
1.4,het2,0.112361000,0.243201000,0.100611000,0.103362000,0.062236800
1.4,het2,0.120355000,0.258556000,0.107450000,0.110483000,0.066929000
1.4,het2,0.124129000,0.263559000,0.111013000,0.114061000,0.068983800
1.4,het2,0.118269000,0.253047000,0.105071000,0.108283000,0.065453700
1.4,het2,0.120098000,0.257857000,0.107099000,0.110508000,0.066829600
1.4,het2,0.110274000,0.241935000,0.098719400,0.101911000,0.061560900
1.4,het2,0.122481000,0.261028000,0.109129000,0.112288000,0.067570700
1.4,het3,0.096074400,0.204968000,0.085694900,0.088706500,0.052975900
1.4,het3,0.097683100,0.207320000,0.087574400,0.090039000,0.054185700
1.4,het3,0.088611000,0.190630000,0.078655000,0.081500900,0.049018600
1.4,het3,0.102480000,0.217728000,0.091832100,0.094912100,0.057028100
1.4,het3,0.101008000,0.214111000,0.090597600,0.093364100,0.056077900
1.4,het3,0.098067800,0.207036000,0.087552300,0.089800100,0.054215000
1.4,het3,0.099154500,0.210294000,0.088723800,0.091430000,0.054719400
1.4,het3,0.101352000,0.214827000,0.090531400,0.093350100,0.055915500
1.4,het3,0.101820000,0.217704000,0.092409900,0.094591400,0.056477400
1.4,het3,0.096000500,0.203052000,0.085744800,0.087787000,0.052866100
1.4,het4,0.077172000,0.160467000,0.068669500,0.070574700,0.042204400
1.4,het4,0.075591100,0.157000000,0.067811200,0.069744300,0.041496600
1.4,het4,0.078377800,0.162480000,0.069909800,0.072031900,0.042914800
1.4,het4,0.078948300,0.163973000,0.070584400,0.072622500,0.043052600
1.4,het4,0.077165400,0.160419000,0.069488100,0.071320800,0.042757500
1.4,het4,0.073537200,0.155568000,0.065675100,0.068147800,0.040653400
1.4,het4,0.071079400,0.147141000,0.063777700,0.065388000,0.038525900
1.4,het4,0.068263400,0.144455000,0.061559500,0.063211800,0.037680700
1.4,het4,0.086076300,0.176065000,0.076913100,0.078857100,0.046822200
1.4,het4,0.065594800,0.138696000,0.059080300,0.060854200,0.035939900
1.4,het5,0.056091400,0.114000000,0.051076000,0.052421100,0.030932900
1.4,het5,0.059502600,0.120024000,0.053717400,0.055193700,0.032430200
1.4,het5,0.049369100,0.101527000,0.045271300,0.046506600,0.027474100
1.4,het5,0.046582400,0.095031100,0.042361800,0.043440200,0.025737400
1.4,het5,0.055327400,0.112582000,0.050113600,0.051654800,0.030431200
1.4,het5,0.060287000,0.122862000,0.055090600,0.056207300,0.033269000
1.4,het5,0.051475900,0.104093000,0.046496700,0.047756600,0.027798400
1.4,het5,0.052933900,0.108545000,0.048292400,0.049300100,0.029032300
1.4,het5,0.052739000,0.107047000,0.047849100,0.049189400,0.028835400
1.4,het5,0.056408400,0.114979000,0.051454700,0.052513900,0.031061800
1.4,het6,0.037912500,0.073691100,0.034150700,0.034997200,0.020546000
1.4,het6,0.036796600,0.073137000,0.033957800,0.034838000,0.020437700
1.4,het6,0.032722500,0.064372700,0.030138800,0.030849700,0.017914200
1.4,het6,0.034530900,0.068282800,0.031593900,0.032446400,0.019287200
1.4,het6,0.031191900,0.061429100,0.028156800,0.029156800,0.017130300
1.4,het6,0.036591300,0.072669400,0.033557800,0.034598000,0.020289500
1.4,het6,0.034074100,0.066439900,0.030528400,0.031501800,0.018273700
1.4,het6,0.037430800,0.073256400,0.034006100,0.035002200,0.020384500
1.4,het6,0.031445400,0.062283700,0.028651600,0.029460600,0.017245900
1.4,het6,0.036992100,0.073534600,0.033867300,0.034734800,0.020400700
1.4,het7,0.022360700,0.042034600,0.020862800,0.021106500,0.012498500
1.4,het7,0.020016500,0.038065700,0.018730800,0.019086900,0.011210800
1.4,het7,0.022018100,0.041201100,0.020446200,0.020701100,0.012257600
1.4,het7,0.022031600,0.041318700,0.020547700,0.020544700,0.012324300
1.4,het7,0.022006600,0.041118300,0.020396900,0.020679600,0.011826400
1.4,het7,0.020646600,0.039061500,0.019195000,0.019412700,0.011391100
1.4,het7,0.022252100,0.040789000,0.020141600,0.020714100,0.011812900
1.4,het7,0.022931900,0.043022200,0.021379900,0.021698600,0.012702700
1.4,het7,0.025345800,0.047318300,0.023307200,0.023746000,0.014023100
1.4,het7,0.024926400,0.046295000,0.022697800,0.023134700,0.013599500
1.4,het8,0.015506400,0.027492800,0.014219500,0.014469300,0.008543300
1.4,het8,0.015835200,0.028103500,0.014497700,0.014650300,0.008602230
1.4,het8,0.013722600,0.024579100,0.012815200,0.013039100,0.007502690
1.4,het8,0.014163000,0.025925700,0.013576800,0.013608800,0.007946900
1.4,het8,0.014376500,0.025853200,0.013289800,0.013504700,0.007946850
1.4,het8,0.016375700,0.029330000,0.015333900,0.015615000,0.008883510
1.4,het8,0.012425300,0.021917500,0.011279400,0.011639300,0.006843890
1.4,het8,0.014410600,0.025405900,0.013530200,0.013500300,0.007944020
1.4,het8,0.014568400,0.025736600,0.013484200,0.013673000,0.007910980
1.4,het8,0.016343400,0.029013500,0.014981300,0.015219400,0.008881280
1.4,het9,0.008581710,0.013859700,0.007792130,0.007812610,0.004592020
1.4,het9,0.007288250,0.012172400,0.006941460,0.006929670,0.004105630
1.4,het9,0.008180960,0.013545800,0.007549950,0.007661870,0.004472690
1.4,het9,0.008821400,0.015081300,0.008548840,0.008525430,0.005052850
1.4,het9,0.009068740,0.015250600,0.008532970,0.008595270,0.004926980
1.4,het9,0.007804460,0.012908400,0.007161800,0.007355000,0.004296410
1.4,het9,0.008699380,0.014647500,0.008354900,0.008383550,0.004852340
1.4,het9,0.007425430,0.012229700,0.006795670,0.006929430,0.004067710
1.4,het9,0.006694630,0.011219400,0.006264790,0.006453630,0.003746760
1.4,het9,0.008947350,0.014868700,0.008302260,0.008359880,0.004937540
1.4,hom0,0.076773200,0.197514000,0.076901000,0.077329500,0.038303800
1.4,hom0,0.075620100,0.196725000,0.075785800,0.076199800,0.037830800
1.4,hom0,0.071391500,0.185703000,0.070975100,0.071588600,0.035444200
1.4,hom0,0.078117100,0.201523000,0.078214300,0.078365100,0.038545400
1.4,hom0,0.074011400,0.191516000,0.073588100,0.074335800,0.036591500
1.4,hom0,0.075767000,0.195105000,0.075539300,0.076081600,0.037340600
1.4,hom0,0.071330900,0.186093000,0.071453500,0.071975000,0.035496300
1.4,hom0,0.078855700,0.203009000,0.078376900,0.078912400,0.039341800
1.4,hom0,0.080649500,0.207541000,0.081215300,0.081303000,0.040120400
1.4,hom0,0.070478900,0.184718000,0.070937500,0.071338400,0.035132800
1.4,hom1,0.051610000,0.130682000,0.051926400,0.051846300,0.025288500
1.4,hom1,0.048960600,0.125973000,0.050015500,0.050193400,0.024622800
1.4,hom1,0.047865900,0.122514000,0.048278900,0.048412100,0.023784500
1.4,hom1,0.051312800,0.130820000,0.051703500,0.052296100,0.025349300
1.4,hom1,0.043696200,0.111877000,0.044274800,0.044089400,0.021657500
1.4,hom1,0.050164100,0.126298000,0.049882200,0.050337800,0.024816900
1.4,hom1,0.051614400,0.131997000,0.052500100,0.052434400,0.025689300
1.4,hom1,0.049725600,0.127268000,0.050148100,0.050224300,0.024595800
1.4,hom1,0.055206600,0.140870000,0.055785300,0.056220500,0.027600400
1.4,hom1,0.060027900,0.150557000,0.060204000,0.060207000,0.029769000
1.4,hom10,0.000603821,0.000460877,0.000647692,0.000558222,0.000275163
1.4,hom10,0.000546992,0.000544219,0.000671230,0.000594347,0.000323074
1.4,hom10,0.000613051,0.000527368,0.000682524,0.000610604,0.000316111
1.4,hom10,0.000519931,0.000471037,0.000625727,0.000567068,0.000294691
1.4,hom10,0.000582564,0.000586620,0.000694786,0.000638652,0.000354672
1.4,hom10,0.000621583,0.000586609,0.000660310,0.000629735,0.000322876
1.4,hom10,0.000587538,0.000543051,0.000676393,0.000608529,0.000304065
1.4,hom10,0.000603903,0.000546261,0.000636163,0.000603440,0.000345400
1.4,hom10,0.000640409,0.000536624,0.000687314,0.000603752,0.000331455
1.4,hom10,0.000573689,0.000558024,0.000764299,0.000652420,0.000307866
1.4,hom11,0.000363996,0.000249778,0.000438293,0.000400951,0.000227401
1.4,hom11,0.000423719,0.000310998,0.000532366,0.000484113,0.000268432
1.4,hom11,0.000434404,0.000321484,0.000535790,0.000460837,0.000233822
1.4,hom11,0.000533513,0.000478368,0.000639198,0.000575870,0.000340641
1.4,hom11,0.000561906,0.000369278,0.000642215,0.000529334,0.000278281
1.4,hom11,0.000485440,0.000353757,0.000614209,0.000515865,0.000245667
1.4,hom11,0.000471020,0.000426671,0.000615176,0.000563671,0.000314511
1.4,hom11,0.000413759,0.000315255,0.000479998,0.000447380,0.000240297
1.4,hom11,0.000447030,0.000325414,0.000579613,0.000532165,0.000261948
1.4,hom11,0.000407320,0.000329504,0.000524309,0.000470758,0.000264724
1.4,hom2,0.027330500,0.065844800,0.027747400,0.027719600,0.013394100
1.4,hom2,0.026898500,0.065801800,0.027692000,0.027534000,0.013267900
1.4,hom2,0.028048200,0.066520100,0.028211800,0.028205200,0.013453200
1.4,hom2,0.028127200,0.069368400,0.029153800,0.029318000,0.014110200
1.4,hom2,0.025322300,0.060957200,0.025466700,0.025488300,0.012417500
1.4,hom2,0.032262200,0.078280800,0.033293600,0.032983900,0.016232800
1.4,hom2,0.026079500,0.063921500,0.026700400,0.026677900,0.012861100
1.4,hom2,0.028044100,0.068183700,0.028617700,0.028584900,0.013881400
1.4,hom2,0.026688400,0.064683100,0.027080300,0.027131100,0.013094500
1.4,hom2,0.025643000,0.062314800,0.025608000,0.025786700,0.012469800
1.4,hom3,0.015509300,0.036415000,0.016417000,0.016218800,0.007850420
1.4,hom3,0.020306400,0.047048900,0.021038700,0.021011900,0.010173300
1.4,hom3,0.018576000,0.043549500,0.019424000,0.019320000,0.009240650
1.4,hom3,0.016030200,0.037302100,0.016808100,0.016833200,0.008113790
1.4,hom3,0.017952100,0.042174900,0.018637700,0.018590900,0.008962690
1.4,hom3,0.017104700,0.040714200,0.018153600,0.018130700,0.008596520
1.4,hom3,0.015160000,0.035252500,0.015750700,0.015587900,0.007480300
1.4,hom3,0.014439800,0.033533500,0.014864200,0.014835200,0.007155230
1.4,hom3,0.017309100,0.040449300,0.017766500,0.017853300,0.008627970
1.4,hom3,0.018034400,0.041648600,0.018578800,0.018532300,0.008904190
1.4,hom4,0.008406560,0.018111300,0.008673460,0.008729590,0.004225670
1.4,hom4,0.008636640,0.018691100,0.008997060,0.008930220,0.004362050
1.4,hom4,0.008944280,0.019446300,0.009258810,0.009132770,0.004346480
1.4,hom4,0.008171340,0.017378500,0.008358490,0.008245400,0.004021920
1.4,hom4,0.008997730,0.019338900,0.009388000,0.009374200,0.004572090
1.4,hom4,0.008797560,0.018568100,0.009207830,0.008936160,0.004282380
1.4,hom4,0.008803420,0.018815600,0.009138390,0.008958720,0.004376660
1.4,hom4,0.007528950,0.016254000,0.007873900,0.007804100,0.003901990
1.4,hom4,0.008256860,0.017948400,0.008587600,0.008564770,0.004036260
1.4,hom4,0.008917010,0.018987900,0.009212750,0.009120080,0.004507310
1.4,hom5,0.004348330,0.008609030,0.004637060,0.004478300,0.002180580
1.4,hom5,0.003094390,0.006469570,0.003492010,0.003396850,0.001714850
1.4,hom5,0.003697260,0.007266510,0.003886780,0.003779900,0.001821470
1.4,hom5,0.003791490,0.007902310,0.004340640,0.004233710,0.001993960
1.4,hom5,0.005019610,0.010170100,0.005382610,0.005321320,0.002586150
1.4,hom5,0.004027260,0.007853300,0.004307220,0.004144020,0.002094240
1.4,hom5,0.004742980,0.009504950,0.005138950,0.004960210,0.002534240
1.4,hom5,0.004309370,0.008547000,0.004580860,0.004488980,0.002115070
1.4,hom5,0.004357720,0.008791240,0.004620910,0.004596020,0.002231700
1.4,hom5,0.004353490,0.008696300,0.004674790,0.004585380,0.002213560
1.4,hom6,0.002533840,0.004436700,0.002606340,0.002574150,0.001338400
1.4,hom6,0.002857890,0.005214010,0.003175220,0.003044400,0.001485360
1.4,hom6,0.002534970,0.004485970,0.002787820,0.002694640,0.001343020
1.4,hom6,0.002447320,0.004426550,0.002692170,0.002603590,0.001301890
1.4,hom6,0.002446680,0.004253890,0.002512280,0.002469080,0.001254320
1.4,hom6,0.002519540,0.004306090,0.002593790,0.002523000,0.001271210
1.4,hom6,0.002434930,0.004406560,0.002681820,0.002599870,0.001324370
1.4,hom6,0.002887360,0.005033280,0.002873640,0.002819360,0.001363940
1.4,hom6,0.002280540,0.003943210,0.002479500,0.002367030,0.001183440
1.4,hom6,0.002815000,0.004885830,0.002979550,0.002864770,0.001413950
1.4,hom7,0.001411860,0.002240280,0.001589340,0.001527290,0.000747846
1.4,hom7,0.001854980,0.002956710,0.001997970,0.001932620,0.000928229
1.4,hom7,0.001503070,0.002333410,0.001719220,0.001645550,0.000786133
1.4,hom7,0.001222440,0.001948290,0.001319750,0.001345330,0.000669503
1.4,hom7,0.001747440,0.002720140,0.001883120,0.001812730,0.000857758
1.4,hom7,0.001246670,0.001955320,0.001380280,0.001366590,0.000704584
1.4,hom7,0.001312210,0.002072890,0.001555090,0.001426780,0.000700866
1.4,hom7,0.001309660,0.001972460,0.001428460,0.001302710,0.000659455
1.4,hom7,0.001300100,0.002080390,0.001427220,0.001365340,0.000690637
1.4,hom7,0.001267530,0.002093630,0.001494170,0.001377740,0.000657138
1.4,hom8,0.000916761,0.001197140,0.001065330,0.000985616,0.000523043
1.4,hom8,0.000990386,0.001345500,0.001078510,0.001072320,0.000550394
1.4,hom8,0.000990264,0.001206510,0.001035860,0.000966509,0.000497702
1.4,hom8,0.000951354,0.001347170,0.001098570,0.001089720,0.000540762
1.4,hom8,0.000894061,0.001286200,0.001094670,0.001022140,0.000469323
1.4,hom8,0.000942019,0.001249210,0.000988898,0.000953184,0.000470818
1.4,hom8,0.000924123,0.001366180,0.001194370,0.001095760,0.000549825
1.4,hom8,0.001191580,0.001491910,0.001157880,0.001149850,0.000569156
1.4,hom8,0.000939911,0.001115120,0.000936794,0.000874471,0.000440384
1.4,hom8,0.001046710,0.001414370,0.001126930,0.001055340,0.000517526
1.4,hom9,0.000614850,0.000739518,0.000749624,0.000726839,0.000370262
1.4,hom9,0.000676590,0.000785267,0.000809961,0.000776385,0.000428942
1.4,hom9,0.000703175,0.000791165,0.000826941,0.000720599,0.000384473
1.4,hom9,0.000633522,0.000713369,0.000708994,0.000679311,0.000320374
1.4,hom9,0.000607284,0.000662649,0.000673099,0.000630977,0.000338457
1.4,hom9,0.000686772,0.000865283,0.000862232,0.000809868,0.000402953
1.4,hom9,0.000719375,0.000809061,0.000835012,0.000728156,0.000393701
1.4,hom9,0.000578533,0.000782114,0.000728641,0.000690982,0.000348813
1.4,hom9,0.000755567,0.000961535,0.000942986,0.000888453,0.000432063
1.4,hom9,0.000597193,0.000690306,0.000752966,0.000714618,0.000387274
